SITE,TAG,SPP,diameter_2017,diameter_2018,diameter_2019
1a,17,AceRub,6.11,6.22,6.41
1a,19,AceRub,6.77,6.85,6.98
1a,28,AceRub,4.62,4.63,4.65
1a,29,AceRub,8.42,8.45,8.49
1a,40,AceRub,4.31,4.31,4.31
1a,41,AceRub,8.71,8.85,9.1
1a,43,AceRub,8,8.01,8.12
1a,44,AceRub,3.9,3.9,3.9
1a,46,AceRub,8.28,8.29,8.33
1a,48,AceRub,4.05,4.11,4.16
1a,53,AceRub,4.98,4.99,5.01
1a,54,AceRub,5.7,5.7,5.7
1a,60,AceRub,4.63,4.65,4.72
1a,61,AceRub,4.28,4.28,4.29
1a,62,AceRub,4.95,4.96,5.11
1a,63,AceRub,7.5,7.5,7.59
1a,67,AceRub,5.67,5.79,5.89
1a,68,AceRub,4.03,4.03,4.08
1a,69,AceRub,4.75,4.85,4.9
1a,72,AceRub,13.21,13.4,13.49
1a,73,AceRub,7.4,7.44,7.49
1a,74,AceRub,3.93,4.08,4.2
1a,78,AceRub,5.48,5.53,5.62
1a,88,AceRub,3.72,3.72,3.72
1a,89,AceRub,3.14,3.2,3.32
1a,90,AceRub,3.7,3.8,3.89
1a,91,AceRub,2.97,3,3
1a,92,AceRub,4.9,4.9,4.9
1a,98,AceRub,3.7,3.77,3.8
1a,39,FraCar,5.64,5.64,5.7
1a,82,FraCar,4.71,4.75,4.89
1a,83,FraCar,2.89,2.9,2.9
1a,9,NysAqu,31.7,31.83,32.08
1a,12,NysAqu,30,30.25,30.6
1a,13,NysAqu,16.7,16.74,16.88
1a,20,NysAqu,12.2,12.3,12.41
1a,25,NysAqu,38.2,38.4,38.6
1a,31,NysAqu,26.65,26.8,27.02
1a,38,NysAqu,44.8,44.85,45
1a,50,NysAqu,16.13,16.16,16.17
1a,51,NysAqu,15.01,15.07,15.18
1a,52,NysAqu,36.4,36.5,36.68
1a,70,NysAqu,33.91,34.3,34.34
1a,71,NysAqu,23.22,23.25,23.39
1a,77,NysAqu,44.62,44.85,44.91
1a,85,NysAqu,29.87,29.87,29.87
1a,87,NysAqu,40.1,40.2,40.32
1a,95,NysAqu,41.2,41.28,41.38
1a,1,TaxDis,17.3,17.5,17.73
1a,2,TaxDis,6.49,6.64,6.84
1a,3,TaxDis,15.61,15.68,15.78
1a,4,TaxDis,22.8,22.88,22.88
1a,5,TaxDis,15.35,15.35,15.35
1a,6,TaxDis,8.2,8.25,8.3
1a,7,TaxDis,28.7,29.09,29.24
1a,8,TaxDis,18.7,18.7,18.7
1a,10,TaxDis,25.75,25.8,26.1
1a,11,TaxDis,16.21,16.35,16.45
1a,15,TaxDis,40.3,40.6,41.08
1a,16,TaxDis,19.63,19.63,19.63
1a,18,TaxDis,56.39,56.64,56.92
1a,21,TaxDis,18.64,18.8,18.9
1a,22,TaxDis,34.4,34.78,35.12
1a,23,TaxDis,19.7,19.78,19.8
1a,24,TaxDis,28.3,28.3,28.35
1a,26,TaxDis,19.85,19.88,20
1a,27,TaxDis,20.2,20.35,20.5
1a,30,TaxDis,28.57,28.8,29.2
1a,32,TaxDis,23,23,23
1a,33,TaxDis,34.62,34.97,35.29
1a,34,TaxDis,24.58,24.79,25.01
1a,35,TaxDis,23,23.19,23.38
1a,36,TaxDis,22,22.12,22.3
1a,37,TaxDis,19.13,19.17,19.29
1a,42,TaxDis,16.17,17.22,16.4
1a,45,TaxDis,40.44,40.67,41.04
1a,47,TaxDis,17.18,17.18,17.18
1a,55,TaxDis,24.6,24.78,24.92
1a,56,TaxDis,17.31,17.79,18
1a,57,TaxDis,17.4,17.4,17.4
1a,58,TaxDis,43.22,43.55,43.78
1a,64,TaxDis,24.48,24.62,24.7
1a,65,TaxDis,18.51,18.51,18.51
1a,66,TaxDis,30.15,30.39,30.5
1a,75,TaxDis,11.05,11.05,11.05
1a,76,TaxDis,27.86,27.92,28.18
1a,79,TaxDis,14.75,14.85,14.98
1a,80,TaxDis,25.56,25.8,26.1
1a,81,TaxDis,16.18,16.28,16.38
1a,84,TaxDis,20,20.2,20.3
1a,86,TaxDis,22.15,22.37,22.59
1a,93,TaxDis,32.71,32.75,32.9
1a,94,TaxDis,34.33,34.5,34.7
1a,96,TaxDis,38.04,38.04,38.04
1a,97,TaxDis,41.18,41.52,42
1a,99,TaxDis,22.94,22.94,22.98
1b,100,TaxDis,28.75,29.11,29.32
1b,115,AceRub,6.34,6.34,6.38
1b,116,AceRub,6.51,6.69,6.81
1b,120,AceRub,4.1,4.15,4.2
1b,131,AceRub,5.6,5.72,5.79
1b,141,AceRub,9.26,9.28,9.4
1b,142,AceRub,8,8.05,8.08
1b,143,AceRub,5.21,5.45,5.73
1b,145,AceRub,6.14,6.16,6.18
1b,147,AceRub,5.75,5.76,5.78
1b,148,AceRub,4.35,4.45,4.69
1b,155,AceRub,3.95,3.95,3.95
1b,171,AceRub,18.11,18.13,18.16
1b,172,AceRub,14.43,14.46,14.48
1b,176,AceRub,4,4,4
1b,177,AceRub,3.8,3.83,4
1b,178,AceRub,8.98,8.98,9.03
1b,181,AceRub,9.65,9.7,9.78
1b,184,AceRub,5.49,5.65,5.87
1b,185,AceRub,7.79,7.79,7.79
1b,186,AceRub,5.5,5.68,6.02
1b,187,AceRub,15.92,15.97,15.97
1b,191,AceRub,10.08,10.34,10.62
1b,192,AceRub,7.99,7.99,8.5
1b,195,AceRub,7.3,7.32,7.35
1b,199,AceRub,5.15,5.22,5.32
1b,298,AceRub,8.2,8.23,8.3
1b,439,AceRub,5.92,6,6.15
1b,500,AceRub,4.75,4.75,4.8
1b,101,FraCar,12.49,12.61,12.71
1b,103,FraCar,4.48,4.5,4.62
1b,104,FraCar,4.35,4.47,4.59
1b,105,FraCar,4.72,4.9,5.11
1b,106,FraCar,4.27,4.31,4.31
1b,113,FraCar,4.27,4.29,4.3
1b,127,FraCar,8.63,8.63,8.63
1b,130,FraCar,14.3,14.49,14.62
1b,137,FraCar,6.05,6.07,6.1
1b,138,FraCar,6.42,6.6,6.79
1b,173,FraCar,5.22,5.23,5.24
1b,174,FraCar,6.52,6.6,6.69
1b,175,FraCar,4.47,4.6,4.88
1b,182,FraCar,4.36,4.42,4.43
1b,133,FraPro,6.44,6.49,6.62
1b,139,MorCer,10.6,10.62,10.65
1b,150,MorCer,4.65,4.8,5
1b,153,MorCer,5.55,5.7,5.7
1b,197,NysAqu,36.67,36.74,36.85
1b,303,NysAqu,39.3,39.55,39.92
1b,304,NysAqu,39.14,39.38,39.83
1b,308,NysAqu,31.5,31.67,31.98
1b,438,NysAqu,30.19,30.4,31.01
1b,190,SalNig,14.01,14.08,14.34
1b,301,SalNig,6.36,6.38,6.4
1b,102,TaxDis,47.8,48.37,49.08
1b,107,TaxDis,6.05,6.05,6.05
1b,108,TaxDis,16.16,16.18,16.25
1b,110,TaxDis,22.26,22.85,23
1b,111,TaxDis,16.58,16.61,16.81
1b,112,TaxDis,12.96,13.19,13.29
1b,114,TaxDis,24.45,25.02,25.2
1b,129,TaxDis,13.88,13.98,14.12
1b,132,TaxDis,12.99,13.1,13.1
1b,134,TaxDis,18.14,18.31,18.5
1b,135,TaxDis,15.48,15.62,15.81
1b,136,TaxDis,15.12,15.27,15.35
1b,140,TaxDis,17.11,17.3,17.64
1b,144,TaxDis,19.6,19.65,19.7
1b,151,TaxDis,19.09,19.15,19.32
1b,152,TaxDis,31.85,32.38,32.69
1b,157,TaxDis,10.83,10.84,10.85
1b,158,TaxDis,27.47,27.91,28.1
1b,159,TaxDis,9.9,9.92,9.94
1b,161,TaxDis,7.9,7.93,7.97
1b,162,TaxDis,27.7,28.3,28.53
1b,163,TaxDis,11.95,12.1,12.3
1b,164,TaxDis,26,26.65,26.77
1b,165,TaxDis,23.1,23.45,23.68
1b,166,TaxDis,18.39,18.61,18.96
1b,167,TaxDis,20.45,20.69,20.89
1b,168,TaxDis,7.5,7.6,7.68
1b,169,TaxDis,6.1,6.12,6.15
1b,170,TaxDis,55.75,55.79,55.87
1b,179,TaxDis,10.54,10.69,10.72
1b,180,TaxDis,28.82,29.13,29.36
1b,183,TaxDis,17.1,17.25,17.3
1b,188,TaxDis,51.71,51.81,52.37
1b,193,TaxDis,36.2,36.54,36.99
1b,194,TaxDis,36.28,36.5,36.72
1b,196,TaxDis,19.26,19.59,19.92
1b,198,TaxDis,11.08,11.28,11.65
1b,200,TaxDis,18.82,19.23,19.78
1b,289,TaxDis,35.66,36.1,36.55
1b,299,TaxDis,12.22,12.35,12.55
1b,300,TaxDis,26.77,27,27.16
1b,302,TaxDis,11.43,11.79,12.1
1b,305,TaxDis,14.45,14.83,15
1b,306,TaxDis,30.8,31.41,31.91
1b,307,TaxDis,25.52,25.98,26.48
2a,239,AceRub,6.49,6.52,6.55
2a,325,AceRub,8.46,8.5,8.52
2a,118,NysAqu,31.45,31.5,31.57
2a,119,NysAqu,49.49,49.62,49.91
2a,122,NysAqu,33.7,33.85,34.01
2a,126,NysAqu,22.42,22.7,22.73
2a,236,NysAqu,11.6,11.6,11.6
2a,237,NysAqu,11.65,11.72,11.78
2a,238,NysAqu,8.7,8.89,9.05
2a,240,NysAqu,28.38,28.7,28.88
2a,241,NysAqu,10.02,10.02,10.02
2a,248,NysAqu,5.95,6.2,6.48
2a,249,NysAqu,19.2,19.2,19.2
2a,251,NysAqu,17.4,17.5,17.65
2a,252,NysAqu,13.23,13.28,13.34
2a,253,NysAqu,60.7,60.89,60.95
2a,254,NysAqu,13.73,13.73,13.73
2a,255,NysAqu,25.57,25.63,26.01
2a,256,NysAqu,40.03,40.41,40.98
2a,257,NysAqu,22,22.1,22.18
2a,258,NysAqu,10.48,10.49,10.5
2a,290,NysAqu,21.8,21.85,21.9
2a,291,NysAqu,11.1,11.1,11.09
2a,292,NysAqu,8.24,8.24,8.25
2a,293,NysAqu,6.6,6.6,6.6
2a,294,NysAqu,11.75,11.82,11.9
2a,295,NysAqu,13.4,13.45,13.5
2a,296,NysAqu,50.3,50.3,50.3
2a,297,NysAqu,45.45,45.55,45.72
2a,309,NysAqu,42.35,42.72,42.82
2a,310,NysAqu,27.44,27.49,27.56
2a,311,NysAqu,10.08,10.25,10.35
2a,312,NysAqu,16.05,16.11,16.21
2a,313,NysAqu,31.29,31.78,32.2
2a,314,NysAqu,16.04,16.18,16.37
2a,315,NysAqu,44.15,44.57,44.83
2a,316,NysAqu,21.28,21.29,21.31
2a,317,NysAqu,10.86,10.88,10.91
2a,318,NysAqu,7.99,8,8.09
2a,321,NysAqu,5.34,5.46,5.83
2a,322,NysAqu,10.48,10.62,10.84
2a,323,NysAqu,8.09,8.12,8.16
2a,326,NysAqu,27.5,27.6,27.7
2a,327,NysAqu,15.38,15.5,15.65
2a,328,NysAqu,8.01,8.04,8.08
2a,401,NysAqu,5.78,5.79,5.8
2a,402,NysAqu,15.76,15.77,15.79
2a,403,NysAqu,36.1,36.1,36.1
2a,404,NysAqu,7.82,7.83,7.84
2a,405,NysAqu,17.84,17.87,17.89
2a,406,NysAqu,13.54,13.56,13.58
2a,408,NysAqu,17.55,17.64,17.69
2a,409,NysAqu,17.46,17.5,17.65
2a,496,NysAqu,16.4,16.45,16.52
2a,497,NysAqu,12.25,12.27,12.31
2a,498,NysAqu,27.21,27.48,27.81
2a,499,NysAqu,36.85,36.96,37.33
2a,117,TaxDis,20.41,20.5,20.64
2a,128,TaxDis,44.35,44.49,44.81
2a,234,TaxDis,52.68,52.68,52.7
2a,235,TaxDis,53.44,55.45,54.55
2a,250,TaxDis,6.17,6.25,6.31
2a,266,TaxDis,66.05,66.35,66.72
2a,407,TaxDis,3.74,3.78,3.92
2b,226,AceRub,8.79,8.8,8.81
2b,233,AceRub,5.5,5.57,5.58
2b,245,AceRub,6.25,6.3,6.3
2b,260,AceRub,5.82,5.88,5.98
2b,261,AceRub,8.19,8.24,8.28
2b,262,AceRub,5.1,5.3,5.54
2b,263,AceRub,4.89,5.21,5.21
2b,270,AceRub,4.4,4.41,4.45
2b,271,AceRub,5,5,5.1
2b,275,AceRub,4.92,4.98,5.25
2b,279,AceRub,4.55,4.57,4.58
2b,280,AceRub,5.28,5.52,5.9
2b,332,AceRub,9.5,9.5,9.5
2b,333,AceRub,4.58,4.59,4.6
2b,334,AceRub,6.7,6.7,6.7
2b,336,AceRub,5.33,5.37,5.48
2b,219,NysAqu,55.19,55.29,55.38
2b,220,NysAqu,22.73,22.85,23.1
2b,221,NysAqu,15,15.06,15.13
2b,222,NysAqu,12.22,12.22,12.23
2b,223,NysAqu,26.59,26.67,26.95
2b,225,NysAqu,10.96,10.97,10.98
2b,227,NysAqu,14.88,14.98,15.03
2b,230,NysAqu,17.15,17.19,17.26
2b,243,NysAqu,13.06,13.11,13.11
2b,244,NysAqu,15.7,15.7,15.7
2b,247,NysAqu,15.15,15.15,15.15
2b,259,NysAqu,27.95,28.01,28.21
2b,265,NysAqu,23.42,23.51,23.75
2b,267,NysAqu,45.72,45.81,45.9
2b,269,NysAqu,47.66,47.79,48.23
2b,272,NysAqu,14.53,14.65,14.75
2b,273,NysAqu,15.23,15.3,15.6
2b,274,NysAqu,20.52,20.55,21.07
2b,276,NysAqu,11.17,11.2,11.2
2b,277,NysAqu,34.69,34.76,35.12
2b,278,NysAqu,24.81,24.92,25
2b,329,NysAqu,32.35,32.43,32.95
2b,330,NysAqu,14.66,14.7,14.75
2b,337,NysAqu,19.04,19.1,19.1
2b,338,NysAqu,16.22,16.28,16.46
2b,339,NysAqu,28.43,28.65,28.93
2b,340,NysAqu,8.34,8.35,8.41
2b,341,NysAqu,6.31,6.32,6.41
2b,343,NysAqu,40.08,40.37,40.8
2b,344,NysAqu,9.25,9.45,9.49
2b,346,NysAqu,34.15,34.21,34.59
2b,483,NysAqu,30.56,30.58,30.89
2b,484,NysAqu,19.9,19.92,19.95
2b,485,NysAqu,13.2,13.2,13.2
2b,486,NysAqu,11.2,11.2,11.2
2b,489,NysAqu,8.38,8.38,8.38
2b,490,NysAqu,28.6,28.78,29.1
2b,491,NysAqu,30.73,30.99,31.23
2b,492,NysAqu,10.63,10.64,10.65
2b,493,NysAqu,27.15,27.35,27.5
2b,494,NysAqu,4.9,4.93,4.98
2b,495,NysAqu,18.64,18.67,18.79
2b,224,TaxDis,42.3,42.65,42.88
2b,231,TaxDis,21.39,22.41,21.52
2b,232,TaxDis,31.22,31.59,31.71
2b,246,TaxDis,37.9,37.9,37.9
2b,264,TaxDis,22.44,22.52,22.52
2b,331,TaxDis,21.7,21.97,22.55
2b,335,TaxDis,45.22,45.49,45.73
2b,342,TaxDis,49.1,49.18,49.28
2b,487,TaxDis,21.55,21.6,21.7
3a,817,AceRub,4.83,4.83,4.83
3a,868,AceRub,11.3,11.32,11.34
3a,357,NysAqu,20.24,20.4,20.51
3a,382,NysAqu,5.5,5.5,5.5
3a,384,NysAqu,25.75,25.75,25.75
3a,385,NysAqu,9.28,9.28,9.29
3a,387,NysAqu,9.57,9.57,9.57
3a,388,NysAqu,7.31,7.35,7.35
3a,389,NysAqu,20.97,21,21.04
3a,390,NysAqu,15.88,15.9,15.93
3a,391,NysAqu,15.14,15.14,15.14
3a,393,NysAqu,10.11,10.21,10.31
3a,394,NysAqu,18.6,18.63,18.73
3a,444,NysAqu,26.01,26.18,26.54
3a,446,NysAqu,8.03,8.03,8.04
3a,447,NysAqu,18.96,19.05,19.15
3a,449,NysAqu,14.85,14.89,15.08
3a,450,NysAqu,46.42,46.45,46.85
3a,451,NysAqu,28.52,28.8,29.29
3a,452,NysAqu,35.18,35.23,35.45
3a,453,NysAqu,19.55,19.6,19.6
3a,455,NysAqu,21.54,21.56,21.59
3a,457,NysAqu,47.08,47.32,46.89
3a,458,NysAqu,27.39,27.7,28.11
3a,459,NysAqu,20.1,20.3,20.48
3a,460,NysAqu,18.89,18.89,19.18
3a,461,NysAqu,20.1,20.3,20.7
3a,462,NysAqu,16.1,16.42,16.71
3a,809,NysAqu,25.6,25.85,25.97
3a,811,NysAqu,32.28,32.37,32.52
3a,814,NysAqu,9.91,9.91,9.92
3a,815,NysAqu,16.07,16.13,16.18
3a,816,NysAqu,27.37,27.41,27.48
3a,818,NysAqu,4.91,4.91,4.91
3a,867,NysAqu,22.42,22.54,22.7
3a,882,NysAqu,7.85,7.88,7.91
3a,883,NysAqu,24.09,24.09,24.09
3a,884,NysAqu,7.01,7.01,7.01
3a,885,NysAqu,14.15,14.15,14.15
3a,886,NysAqu,11.1,11.12,11.14
3a,890,NysAqu,13.61,13.7,13.77
3a,891,NysAqu,31.61,31.75,31.89
3a,892,NysAqu,7.51,7.47,7.57
3a,893,NysAqu,16.82,16.82,16.82
3a,895,NysAqu,14.24,14.38,14.42
3a,897,NysAqu,22.02,22.05,22.09
3a,899,NysAqu,16,16.1,16.11
3a,900,NysAqu,23.25,23.35,23.45
3a,109,TaxDis,5.89,5.9,6
3a,383,TaxDis,52.18,52.3,52.49
3a,386,TaxDis,8.58,8.68,8.68
3a,392,TaxDis,13.08,13.08,13.09
3a,395,TaxDis,18.2,18.21,18.22
3a,396,TaxDis,11.12,11.12,11.12
3a,397,TaxDis,41.12,41.2,41.31
3a,445,TaxDis,30.69,30.89,31.45
3a,454,TaxDis,19.03,19.12,19.75
3a,456,TaxDis,28.28,28.65,29.11
3a,810,TaxDis,25.2,25.38,25.59
3a,812,TaxDis,16.15,16.38,16.68
3a,813,TaxDis,44.34,44.49,44.6
3a,819,TaxDis,63.43,63.52,63.69
3a,887,TaxDis,7.17,7.63,6.99
3a,888,TaxDis,7.3,7.61,7.83
3a,894,TaxDis,50.77,50.78,50.8
3a,896,TaxDis,46.08,46.41,46.66
3a,898,TaxDis,9.71,9.99,10.52
3b,201,AceRub,5.35,5.4,5.53
3b,479,AceRub,6.2,6.2,6.25
3b,480,AceRub,4.81,4.83,4.98
3b,481,AceRub,6.59,6.6,6.65
3b,482,AceRub,5.55,5.5,5.65
3b,202,NysAqu,6.68,6.7,6.75
3b,204,NysAqu,32.28,32.35,32.43
3b,205,NysAqu,9.07,9.08,9.1
3b,206,NysAqu,45.59,45.7,45.78
3b,207,NysAqu,5.4,5.42,5.46
3b,208,NysAqu,15.2,15.29,15.37
3b,209,NysAqu,19.08,19.2,19.36
3b,210,NysAqu,17.05,17.1,17.19
3b,211,NysAqu,41.7,41.81,42
3b,212,NysAqu,24.75,25.02,24.5
3b,213,NysAqu,6.91,7.1,7.43
3b,214,NysAqu,13.98,14.2,14.39
3b,215,NysAqu,17.51,18.04,18.18
3b,216,NysAqu,9.11,9.11,9.14
3b,217,NysAqu,24.97,25.2,25.48
3b,218,NysAqu,30.41,30.42,30.57
3b,228,NysAqu,3.7,3.7,3.72
3b,229,NysAqu,4.13,4.28,4.49
3b,282,NysAqu,21.21,21.53,21.77
3b,283,NysAqu,25.65,25.9,25.98
3b,284,NysAqu,18.03,18.3,18.7
3b,285,NysAqu,29.11,29.18,30.08
3b,286,NysAqu,17.12,17.18,17.32
3b,287,NysAqu,13.05,13.23,13.28
3b,288,NysAqu,20.65,20.71,20.85
3b,347,NysAqu,10.75,10.77,10.79
3b,350,NysAqu,11.9,12.01,12.08
3b,356,NysAqu,14.88,15.89,14.92
3b,359,NysAqu,34.85,34.9,34.99
3b,360,NysAqu,15.18,15.18,15.18
3b,361,NysAqu,31.05,31.15,31.3
3b,362,NysAqu,6.33,6.33,6.34
3b,363,NysAqu,7,7,7
3b,364,NysAqu,24.95,25.15,25.28
3b,365,NysAqu,19.7,19.8,19.9
3b,366,NysAqu,45.2,45.38,45.55
3b,367,NysAqu,11.05,10.8,10.99
3b,368,NysAqu,6.06,6.1,6.19
3b,369,NysAqu,7.8,7.85,7.93
3b,370,NysAqu,16.63,16.65,16.7
3b,371,NysAqu,31.35,31.4,31.62
3b,372,NysAqu,5.48,5.51,5.55
3b,373,NysAqu,17.55,17.55,17.55
3b,374,NysAqu,8.84,9.4,8.96
3b,375,NysAqu,14.96,15.1,15.16
3b,376,NysAqu,7.1,7.06,7.19
3b,377,NysAqu,13.24,13.38,13.5
3b,378,NysAqu,36.7,36.8,36.95
3b,379,NysAqu,20.54,20.92,21.3
3b,380,NysAqu,23.23,22.58,23
3b,381,NysAqu,25.52,25.77,25.95
3b,400,NysAqu,5.98,6.05,6.15
3b,463,NysAqu,9.1,9.1,9.1
3b,464,NysAqu,12.48,12.58,12.68
3b,465,NysAqu,11.35,11.45,11.6
3b,466,NysAqu,25.4,25.89,25.98
3b,467,NysAqu,18.18,18.18,18.19
3b,468,NysAqu,15.05,15.1,15.15
3b,469,NysAqu,26.38,27.09,27.19
3b,470,NysAqu,15.63,15.69,15.75
3b,471,NysAqu,7.6,7.6,7.6
3b,472,NysAqu,8,8,8
3b,473,NysAqu,14.82,14.85,14.89
3b,474,NysAqu,21.07,21.12,21.21
3b,475,NysAqu,15.82,16,16.05
3b,476,NysAqu,25.79,25.85,26.1
3b,477,NysAqu,5.18,5.2,5.21
3b,478,NysAqu,21.6,21.9,22.32
3b,203,TaxDis,66.65,67.01,67.48
3b,281,TaxDis,24.31,24.72,24.9
3b,410,TaxDis,41.38,40.77,41.98
4a,675,AceRub,11,11,11
4a,678,AceRub,7.85,8,8.05
4a,680,AceRub,7.68,7.7,7.71
4a,681,AceRub,14.55,14.58,14.61
4a,685,AceRub,7.29,7.39,7.6
4a,686,AceRub,5.2,5.3,5.78
4a,687,AceRub,5.89,6.05,6.36
4a,872,AceRub,9.43,9.45,9.51
4a,873,AceRub,7.63,7.68,7.78
4a,876,AceRub,8.01,8.02,8.09
4a,880,AceRub,21.2,21.2,21.21
4a,881,AceRub,9.62,9.64,9.66
4a,682,NysAqu,21.73,21.8,21.95
4a,683,NysAqu,36.37,36.5,36.9
4a,807,NysAqu,37.77,37.77,37.77
4a,808,NysAqu,28.23,28.38,28.68
4a,820,NysAqu,34.4,34.5,34.66
4a,821,NysAqu,30.36,30.39,30.43
4a,828,NysAqu,44.26,44.49,43.92
4a,834,NysAqu,36.62,36.81,37.29
4a,843,NysAqu,46.41,46.61,46.92
4a,869,NysAqu,38.77,38.82,38.9
4a,875,NysAqu,30.08,30.2,30.49
4a,443,TaxDis,10.89,11.19,11.52
4a,676,TaxDis,35.78,36.25,36.41
4a,677,TaxDis,57.17,57.2,57.5
4a,679,TaxDis,30.92,30.95,31.14
4a,688,TaxDis,37.2,37.48,37.65
4a,689,TaxDis,39.95,40,40.05
4a,692,TaxDis,49.18,49.37,49.5
4a,801,TaxDis,19.22,19.52,19.69
4a,804,TaxDis,12.85,13,13.24
4a,805,TaxDis,17.91,18.04,18.34
4a,835,TaxDis,12.45,12.7,13.15
4a,840,TaxDis,49.75,50.27,50.45
4a,842,TaxDis,38.34,38.82,38.95
4a,870,TaxDis,19.64,19.91,20
4a,871,TaxDis,15.69,15.92,16.2
4a,874,TaxDis,72.88,73.1,73.32
4a,877,TaxDis,15.27,15.37,15.57
4a,878,TaxDis,22.55,22.8,22.91
4a,879,TaxDis,33.2,33.4,33.82
4b,696,AceRub,3.51,3.51,3.51
4b,803,AceRub,4.89,4.89,5
4b,806,AceRub,4.48,4.48,4.48
4b,850,AceRub,5.26,6.41,5.68
4b,852,AceRub,5.5,5.6,5.85
4b,863,FraCar,7.91,7.91,8
4b,605,FraPro,13.98,13.99,14.01
4b,411,NysAqu,35.5,35.5,35.5
4b,430,NysAqu,12.87,12.87,12.88
4b,431,NysAqu,31.72,31.78,31.89
4b,432,NysAqu,23.74,23.76,23.8
4b,434,NysAqu,37,37.05,37.13
4b,435,NysAqu,12.85,12.9,12.97
4b,436,NysAqu,24.6,24.67,24.75
4b,440,NysAqu,12.82,12.82,12.9
4b,441,NysAqu,13.41,13.66,13.8
4b,442,NysAqu,30.82,31.02,31.35
4b,601,NysAqu,38.08,38.18,38.25
4b,602,NysAqu,40.1,40.18,40.29
4b,606,NysAqu,32.4,32.5,32.68
4b,607,NysAqu,12.4,12.4,12.41
4b,608,NysAqu,21.73,21.82,21.91
4b,610,NysAqu,11.8,11.9,12.1
4b,611,NysAqu,25.02,25.06,25.08
4b,612,NysAqu,31.16,31.26,31.52
4b,684,NysAqu,14.6,14.65,14.75
4b,693,NysAqu,22.83,23.1,23.3
4b,694,NysAqu,16.45,16.5,16.5
4b,695,NysAqu,36.63,36.72,36.97
4b,697,NysAqu,18.15,18.32,18.38
4b,698,NysAqu,13.35,13.41,13.49
4b,699,NysAqu,20.25,20.33,20.41
4b,700,NysAqu,36.75,37.1,37.92
4b,829,NysAqu,9.5,9.54,9.62
4b,830,NysAqu,32.75,32.75,33.1
4b,831,NysAqu,17.88,17.88,17.95
4b,832,NysAqu,37.64,37.74,37.84
4b,833,NysAqu,18.4,18.41,18.42
4b,841,NysAqu,38.12,38.5,38.8
4b,851,NysAqu,22.51,22.62,22.81
4b,854,NysAqu,18.46,18.46,18.47
4b,859,NysAqu,15.75,15.8,15.85
4b,861,NysAqu,32.41,32.7,33
4b,862,NysAqu,30.5,30.82,31.45
4b,864,NysAqu,40.16,40.45,40.64
4b,865,NysAqu,41.63,41.7,41.8
4b,603,NysSyl,29.9,30,30.1
4b,802,NysSyl,40.16,40.38,40.51
4b,855,NysSyl,6.3,6.4,6.5
4b,856,NysSyl,5.12,5.12,5.15
4b,858,NysSyl,8.55,8.7,8.88
4b,860,NysSyl,5.72,5.75,5.83
4b,437,TaxDis,65.39,66.55,67.05
4b,604,TaxDis,48.68,49.44,49.78
4b,857,TaxDis,44.75,45.2,45.3
5a,580,AceRub,8.4,8.44,8.48
5a,586,AceRub,4.13,4.13,4.13
5a,587,AceRub,4.27,4.29,4.33
5a,599,AceRub,4.85,4.88,4.9
5a,600,AceRub,10.75,10.75,10.75
5a,979,AceRub,7.6,7.6,7.6
5a,985,AceRub,6.32,6.4,6.89
5a,590,NysAqu,31.63,31.63,31.63
5a,593,NysAqu,26.15,26.39,26.72
5a,594,NysAqu,39.81,40.01,40.17
5a,595,NysAqu,33.27,33.3,34.32
5a,598,NysAqu,39.1,39.14,39.21
5a,734,NysAqu,21.65,21.65,21.65
5a,742,NysAqu,45.52,45.6,46
5a,746,NysAqu,35.14,35.17,35.21
5a,980,NysAqu,41.31,41.31,41.32
5a,982,NysAqu,34.61,35.15,35.8
5a,996,NysAqu,37.77,38.04,38.4
5a,418,TaxDis,24.78,24.88,25
5a,570,TaxDis,13.7,13.8,13.9
5a,571,TaxDis,39.69,39.89,40
5a,573,TaxDis,22,22.05,22.1
5a,575,TaxDis,26.22,26.3,26.4
5a,576,TaxDis,44.2,44.39,44.49
5a,578,TaxDis,38.11,38.55,38.6
5a,581,TaxDis,83.38,83.62,83.78
5a,588,TaxDis,15.85,15.88,15.95
5a,589,TaxDis,26.25,26.35,26.45
5a,591,TaxDis,17.42,17.47,17.5
5a,592,TaxDis,25.2,25.48,25.54
5a,597,TaxDis,38.48,38.8,39.2
5a,732,TaxDis,51.5,51.8,52.21
5a,733,TaxDis,24.56,24.6,24.62
5a,738,TaxDis,49.9,50.11,50.31
5a,739,TaxDis,68.15,68.23,68.49
5a,740,TaxDis,4.6,4.6,4.6
5a,741,TaxDis,15.65,15.67,15.7
5a,743,TaxDis,15.2,15.2,15.2
5a,744,TaxDis,10.36,10.36,10.4
5a,745,TaxDis,18.35,18.61,19.01
5a,747,TaxDis,22,22.06,22.11
5a,748,TaxDis,20.42,20.45,20.49
5a,749,TaxDis,49.42,49.45,49.51
5a,971,TaxDis,20.19,20.19,20.2
5a,977,TaxDis,20.05,21.21,20.35
5a,981,TaxDis,19.48,19.6,19.88
5a,983,TaxDis,22.7,22.75,22.8
5a,987,TaxDis,16.85,16.87,16.89
5a,988,TaxDis,20.7,20.7,20.7
5a,989,TaxDis,59.97,59.97,59.98
5b,757,AceRub,12.56,12.59,12.63
5b,758,AceRub,17.65,17.65,17.65
5b,760,AceRub,21.27,21.27,21.28
5b,761,AceRub,12.58,12.6,12.69
5b,762,AceRub,5.38,5.4,5.46
5b,962,AceRub,6.02,6.05,6.1
5b,964,AceRub,9.22,9.31,9.41
5b,975,AceRub,3.71,5.75,5.81
5b,994,AceRub,4.35,4.62,4.7
5b,773,FraCar,28.03,28.15,28.3
5b,569,NysAqu,20.75,20.6,20.94
5b,752,NysAqu,18.25,18.28,18.37
5b,753,NysAqu,20.23,20.27,20.3
5b,764,NysAqu,41.9,41.93,41.96
5b,766,NysAqu,25.15,25.3,25.45
5b,768,NysAqu,8.58,8.78,9.19
5b,774,NysAqu,33.53,33.6,33.7
5b,775,NysAqu,38.22,38.53,38.6
5b,789,NysAqu,28.15,28.18,28.2
5b,797,NysAqu,45.25,45.3,45.62
5b,953,NysAqu,37.48,38.05,38.15
5b,968,NysAqu,25.42,25.45,25.51
5b,972,NysAqu,43.9,44.22,44.6
5b,974,NysAqu,29.08,29.27,29.4
5b,572,TaxDis,19.01,19.21,19.35
5b,577,TaxDis,18.4,18.5,18.56
5b,579,TaxDis,23.19,23.19,23.19
5b,583,TaxDis,16.73,16.76,16.89
5b,584,TaxDis,56.32,56.45,56.75
5b,585,TaxDis,15.12,15.14,15.22
5b,750,TaxDis,10.4,10.4,10.4
5b,751,TaxDis,50.18,50.35,50.52
5b,754,TaxDis,10.72,10.73,10.74
5b,755,TaxDis,13.35,13.4,13.44
5b,756,TaxDis,9.46,9.51,9.68
5b,759,TaxDis,72.89,73.03,73.89
5b,765,TaxDis,23.04,23.04,23.04
5b,767,TaxDis,20.7,20.85,21
5b,769,TaxDis,5.52,5.53,5.7
5b,770,TaxDis,52.65,52.94,53.55
5b,771,TaxDis,23.74,23.8,23.8
5b,776,TaxDis,11.38,11.38,11.39
5b,791,TaxDis,18.18,18.18,18.18
5b,792,TaxDis,22.58,22.72,22.74
5b,793,TaxDis,52.6,52.77,52.89
5b,794,TaxDis,23.7,23.7,23.7
5b,795,TaxDis,53.7,54,54.28
5b,796,TaxDis,42.1,42.29,42.45
5b,798,TaxDis,16.95,16.96,17.01
5b,799,TaxDis,43.19,43.45,43.91
5b,800,TaxDis,13.09,13.1,13.2
5b,959,TaxDis,23.98,24.05,24.2
5b,963,TaxDis,10.6,10.6,10.6
5b,965,TaxDis,13.52,13.71,13.8
5b,966,TaxDis,6.93,6.98,7.15
5b,967,TaxDis,26.35,26.61,26.8
5b,969,TaxDis,9,9.05,9.1
5b,973,TaxDis,16.39,16.4,16.45
5b,978,TaxDis,53.32,53.37,53.42
5b,582,TriSeb,8.2,8.22,8.36
6a,517,AceRub,8.22,8.22,8.22
6a,554,AceRub,4.25,4.27,4.3
6a,844,AceRub,11.98,11.99,12
6a,845,AceRub,6.29,6.4,6.55
6a,846,AceRub,4,4,4.08
6a,556,NysAqu,12.99,13,13.11
6a,613,NysAqu,29.29,29.48,29.6
6a,614,NysAqu,42.71,43,43.46
6a,621,NysAqu,36.5,36.52,36.56
6a,673,NysAqu,12.43,12.43,12.43
6a,919,NysAqu,14.6,14.95,15.4
6a,920,NysAqu,34.23,34.34,34.49
6a,921,NysAqu,28.7,28.7,28.7
6a,922,NysAqu,41.1,41.11,41.19
6a,924,NysAqu,28.61,28.95,29.14
6a,925,NysAqu,15.73,15.73,15.73
6a,514,TaxDis,34.64,34.84,35
6a,515,TaxDis,38,38.17,38.2
6a,516,TaxDis,39.09,39.4,39.8
6a,518,TaxDis,63.34,63.48,63.65
6a,519,TaxDis,32.9,33.2,33.58
6a,520,TaxDis,11.6,11.8,12.1
6a,521,TaxDis,12.21,12.31,12.5
6a,522,TaxDis,67.7,67.98,68
6a,523,TaxDis,14.33,14.35,14.39
6a,550,TaxDis,44.4,44.7,45.07
6a,551,TaxDis,48.3,48.42,48.85
6a,552,TaxDis,56.82,57,57.45
6a,553,TaxDis,11.51,11.91,12.21
6a,555,TaxDis,39.2,39.5,39.5
6a,674,TaxDis,71.55,71.57,71.6
6a,917,TaxDis,17.6,17.65,17.75
6a,918,TaxDis,25.55,26,26.18
6a,923,TaxDis,15,15.09,15.1
6b,503,AceRub,6.98,7.08,7.2
6b,504,AceRub,4.38,4.38,4.4
6b,510,AceRub,5.7,5.7,5.89
6b,513,AceRub,18.12,18.22,18.22
6b,540,AceRub,6.8,6.8,6.83
6b,541,AceRub,6.15,6.16,6.2
6b,546,AceRub,5.18,5.19,5.2
6b,547,AceRub,5.02,5.1,5.15
6b,548,AceRub,6.84,6.86,6.89
6b,549,AceRub,5.1,5.15,5.15
6b,906,AceRub,5.95,6,6
6b,909,AceRub,7.94,8.1,8.15
6b,910,AceRub,5.2,5.41,5.62
6b,914,AceRub,4.45,4.51,4.51
6b,488,NysAqu,40.33,40.41,40.62
6b,502,NysAqu,29.7,29.8,30.3
6b,506,NysAqu,9.33,9.39,9.81
6b,508,NysAqu,32.1,32.1,32.41
6b,509,NysAqu,27.28,27.3,27.35
6b,511,NysAqu,32.24,32.34,32.4
6b,543,NysAqu,26.73,26.73,26.73
6b,545,NysAqu,10.62,10.68,10.75
6b,615,NysAqu,29.24,29.28,29.34
6b,616,NysAqu,35,35.1,35.1
6b,618,NysAqu,13.8,14.01,14.9
6b,619,NysAqu,37.25,37.35,37.5
6b,620,NysAqu,16.24,16.24,16.24
6b,622,NysAqu,38.42,38.48,38.55
6b,623,NysAqu,36.15,36.18,36.23
6b,901,NysAqu,48.78,48.88,49.22
6b,902,NysAqu,12.11,11.5,11.99
6b,904,NysAqu,33.41,33.53,33.8
6b,908,NysAqu,26,26.12,26.13
6b,911,NysAqu,20.18,20.24,20.32
6b,912,NysAqu,33.12,33.2,33.34
6b,501,TaxDis,67.33,67.48,68.5
6b,505,TaxDis,42,42.2,42.45
6b,507,TaxDis,25.15,25.18,25.21
6b,512,TaxDis,28.57,29,29
6b,542,TaxDis,51.02,51.09,51.38
6b,544,TaxDis,57.1,58.39,57.5
6b,617,TaxDis,85.5,85.75,85.85
6b,905,TaxDis,32.38,32.71,33.04
6b,907,TaxDis,53.25,53.98,54.12
6b,913,TaxDis,50.15,50.3,50.68
7a,398,AceRub,5.4,5.49,5.6
7a,399,AceRub,5.09,5.24,5.4
7a,524,AceRub,5.28,5.49,5.62
7a,526,AceRub,9.65,9.7,9.73
7a,527,AceRub,7.65,7.66,7.7
7a,528,AceRub,10.37,10.37,10.37
7a,530,AceRub,7.69,7.75,7.81
7a,531,AceRub,4.43,4.6,4.6
7a,532,AceRub,9.18,9.18,9.18
7a,533,AceRub,5.65,5.7,5.8
7a,534,AceRub,8.13,8.18,8.2
7a,535,AceRub,5.84,5.84,5.84
7a,536,AceRub,6.51,6.55,6.61
7a,538,AceRub,15.08,15.28,15.3
7a,557,AceRub,5.47,5.48,5.5
7a,563,AceRub,8.64,8.71,8.88
7a,564,AceRub,6.4,6.45,6.48
7a,565,AceRub,4.3,4.42,4.51
7a,566,AceRub,7.55,6.8,7.05
7a,638,AceRub,6.73,6.75,6.81
7a,640,AceRub,7.14,7.14,7.18
7a,645,AceRub,7.42,7.46,7.52
7a,646,AceRub,5.57,5.58,5.6
7a,648,AceRub,3.9,3.94,3.98
7a,649,AceRub,7.29,7.37,7.44
7a,650,AceRub,7.3,7.6,7.85
7a,651,AceRub,9.92,10,10.05
7a,652,AceRub,15.2,15.34,15.49
7a,653,AceRub,14.38,14.5,14.62
7a,691,AceRub,6.79,6.8,7
7a,701,AceRub,7.08,7.09,7.09
7a,702,AceRub,5.21,5.29,5.29
7a,703,AceRub,6.45,6.55,6.59
7a,704,AceRub,6.3,6.26,6.31
7a,823,AceRub,6.14,4.79,4.81
7a,839,AceRub,5.03,5.05,5.07
7a,926,AceRub,4.97,5.21,5.5
7a,930,AceRub,9.4,9.45,9.54
7a,933,AceRub,6,6.05,6.1
7a,935,AceRub,5.42,5.42,5.42
7a,936,AceRub,10.7,10.72,10.75
7a,937,AceRub,7.33,7.33,7.39
7a,938,AceRub,8.92,9,9.02
7a,940,AceRub,14.91,15,15.08
7a,942,AceRub,9.78,10,10.22
7a,943,AceRub,6.87,6.95,7.1
7a,944,AceRub,7.88,8.01,8.05
7a,946,AceRub,8.58,8.58,8.7
7a,947,AceRub,4.3,4.3,4.3
7a,948,AceRub,6.42,6.45,6.47
7a,949,AceRub,4.28,4.34,4.42
7a,950,AceRub,7.4,7.45,7.5
7a,1000,AceRub,4.59,4.59,4.59
7a,568,CepOcc,5,5,5
7a,927,CepOcc,8.1,8.2,8.4
7a,824,FraCar,5.72,5.91,6
7a,559,MorCer,6.6,6.82,7.15
7a,558,NysAqu,9.2,9.35,9.5
7a,561,NysAqu,23.29,23.43,23.75
7a,641,NysAqu,31.2,31.41,31.72
7a,654,NysAqu,39.25,39.3,39.38
7a,826,NysAqu,14.66,14.71,14.8
7a,945,NysAqu,37.8,38.18,38.4
7a,525,TaxDis,35.85,36.39,36.85
7a,529,TaxDis,4.5,4.8,5.1
7a,537,TaxDis,55.6,55.89,56
7a,560,TaxDis,58.35,58.81,59
7a,562,TaxDis,32.7,32.85,33.1
7a,567,TaxDis,15.56,15.72,16.2
7a,642,TaxDis,20.92,21.34,21.42
7a,643,TaxDis,54.47,54.57,54.76
7a,644,TaxDis,60.04,60.39,60.59
7a,647,TaxDis,38.78,38.98,39.29
7a,928,TaxDis,37.52,37.59,37.71
7a,929,TaxDis,21.5,21.5,21.6
7a,931,TaxDis,45.93,46.5,46.78
7a,932,TaxDis,31.02,31.26,31.5
7a,934,TaxDis,48.95,49.41,50.02
7a,941,TaxDis,36.38,36.48,36.79
7a,951,TaxDis,46.01,46.52,47.12
7b,412,AceRub,4.31,4.32,4.39
7b,413,AceRub,5.15,5.2,5.2
7b,414,AceRub,5.73,6,6.09
7b,417,AceRub,8.51,8.6,8.7
7b,421,AceRub,4.11,4.2,4.3
7b,423,AceRub,4.6,4.6,4.6
7b,429,AceRub,4.54,4.64,4.75
7b,624,AceRub,6.28,6.35,6.41
7b,626,AceRub,10,10.04,10.08
7b,627,AceRub,4.82,4.89,4.89
7b,628,AceRub,7.15,7.17,7.2
7b,629,AceRub,5.59,5.59,5.59
7b,635,AceRub,3.7,3.7,3.72
7b,636,AceRub,5.18,5.22,5.25
7b,637,AceRub,7.35,7.48,7.69
7b,639,AceRub,6.11,6.12,6.18
7b,659,AceRub,4.35,4.44,4.5
7b,661,AceRub,10.46,10.46,10.68
7b,665,AceRub,3.31,3.36,3.41
7b,667,AceRub,4,4,4.02
7b,668,AceRub,7.19,7.2,7.34
7b,669,AceRub,5.89,5.89,5.91
7b,706,AceRub,6.45,6.5,6.7
7b,708,AceRub,10.02,10.05,10.08
7b,709,AceRub,4.32,4.32,4.38
7b,711,AceRub,6.5,6.7,6.8
7b,712,AceRub,5.52,5.55,5.71
7b,713,AceRub,6.21,6.21,6.26
7b,715,AceRub,8.5,8.5,8.5
7b,716,AceRub,4.1,4.1,4.1
7b,717,AceRub,4.24,4.32,4.8
7b,718,AceRub,5.39,5.39,5.39
7b,721,AceRub,4.91,5,5
7b,731,AceRub,4.3,4.3,4.62
7b,847,AceRub,6.68,6.68,6.91
7b,848,AceRub,4.3,4.3,4.48
7b,849,AceRub,9.83,9.94,10.09
7b,986,AceRub,3.75,3.75,3.75
7b,990,AceRub,4.43,4.44,4.5
7b,991,AceRub,3.89,3.9,3.94
7b,997,AceRub,7.47,7.47,7.48
7b,998,AceRub,6.19,6.25,6.28
7b,999,AceRub,4.95,5,5.11
7b,416,NysAqu,57.38,57.51,57.6
7b,424,NysAqu,25.71,25.71,26.1
7b,425,NysAqu,19.09,19.1,19.1
7b,426,NysAqu,18,18.2,18.2
7b,428,NysAqu,36.7,37,37.39
7b,625,NysAqu,15.6,15.68,15.7
7b,630,NysAqu,9.53,9.54,9.55
7b,632,NysAqu,20.9,20.94,20.98
7b,633,NysAqu,35.31,35.62,35.99
7b,655,NysAqu,35.12,35.39,35.45
7b,656,NysAqu,43.33,43.39,44
7b,657,NysAqu,19.58,19.59,19.68
7b,658,NysAqu,25.46,25.54,25.61
7b,670,NysAqu,13.6,13.67,13.91
7b,671,NysAqu,29.22,29.29,29.79
7b,714,NysAqu,51,51.11,51.22
7b,720,NysAqu,41.8,41.93,42.05
7b,722,NysAqu,23.59,23.67,23.75
7b,723,NysAqu,11,11.02,11.05
7b,724,NysAqu,19.5,19.54,19.58
7b,727,NysAqu,38.12,38.17,38.24
7b,728,NysAqu,33.02,33.3,33.55
7b,729,NysAqu,26.62,26.7,26.92
7b,730,NysAqu,19.38,19.38,19.39
7b,992,NysAqu,24.85,25,25.29
7b,993,NysAqu,25.38,25.42,25.5
7b,415,TaxDis,23.42,23.43,23.45
7b,419,TaxDis,22.25,22.33,22.43
7b,420,TaxDis,46.41,47.51,47.52
7b,422,TaxDis,34.49,34.81,35.1
7b,427,TaxDis,46.3,46.33,46.69
7b,631,TaxDis,41.76,42.32,42.5
7b,634,TaxDis,31.5,31.69,32
7b,660,TaxDis,33.4,33.65,33.9
7b,662,TaxDis,12.47,12.47,12.48
7b,663,TaxDis,51.29,51.6,52.8
7b,664,TaxDis,43.2,43.6,44
7b,666,TaxDis,24.95,25.18,25.42
7b,672,TaxDis,28.95,29.08,29.37
7b,705,TaxDis,50.45,51.77,52
7b,707,TaxDis,66.02,66.62,66.81
7b,719,TaxDis,43.5,43.62,44.75
7b,725,TaxDis,39.08,39.4,39.88
7b,726,TaxDis,33.9,33.95,34
7b,735,TaxDis,38.01,38.25,38.5
7b,736,TaxDis,23,23.12,23.13
7b,737,TaxDis,30.94,31.11,31.19
8a,777,AceRub,4,4.02,4.15
8a,779,AceRub,6,6.35,6.45
8a,780,AceRub,4.5,4.55,4.6
8a,781,AceRub,9.49,9.6,9.8
8a,782,AceRub,6.5,6.55,6.59
8a,783,AceRub,4.02,4.25,4.55
8a,784,AceRub,4.25,4.5,4.6
8a,1001,AceRub,4.54,4.7,4.8
8a,1027,AceRub,5.93,6,6.09
8a,1102,AceRub,11.24,11.24,11.24
8a,1106,AceRub,7.93,7.97,8
8a,786,NysAqu,17.38,17.38,17.49
8a,787,NysAqu,45.55,45.79,46.22
8a,1023,NysAqu,36.1,36.45,36.63
8a,1024,NysAqu,55.19,55.5,55.7
8a,1025,NysAqu,22.62,22.66,22.72
8a,1026,NysAqu,21.35,21.42,21.6
8a,772,TaxDis,52.43,52.61,52.81
8a,778,TaxDis,38.58,39.45,40.1
8a,785,TaxDis,64.94,65,65.12
8a,788,TaxDis,40.15,40.4,40.65
8a,952,TaxDis,11.32,11.33,14.38
8a,954,TaxDis,49.56,49.8,50.05
8a,955,TaxDis,81.24,81.53,81.7
8a,956,TaxDis,19.79,20.1,20.29
8a,957,TaxDis,52.8,53.05,53.05
8a,960,TaxDis,5.23,5.8,6.1
8a,961,TaxDis,51.7,51.7,51.7
8a,976,TaxDis,11,11.34,11.52
8a,1028,TaxDis,40.9,41.05,41.13
8a,1029,TaxDis,73.2,73.3,73.41
8a,1030,TaxDis,5.4,5.7,5.92
8a,1101,TaxDis,57.5,58.19,58.85
8b,1005,NysAqu,18.19,18.29,18.43
8b,1006,NysAqu,25.03,25.1,25.21
8b,1007,NysAqu,46,46.17,46.86
8b,1008,NysAqu,5.77,5.77,5.78
8b,1009,NysAqu,27.22,27.28,27.35
8b,1010,NysAqu,25,25.14,25.28
8b,1011,NysAqu,32.09,32.14,32.22
8b,1012,NysAqu,16.79,16.79,16.8
8b,1013,NysAqu,16.48,16.58,16.69
8b,1014,NysAqu,14.04,14.04,14.04
8b,1015,NysAqu,7.19,7.25,7.32
8b,1016,NysAqu,9.69,9.72,9.77
8b,1017,NysAqu,19.02,19.03,19.05
8b,1018,NysAqu,4.05,4.11,4.2
8b,1019,NysAqu,18.8,18.9,19
8b,1032,NysAqu,27.25,27.25,27.25
8b,1033,NysAqu,9.92,9.98,10
8b,1034,NysAqu,19.69,19.73,19.85
8b,1035,NysAqu,35.5,35.55,35.93
8b,1036,NysAqu,32.18,32.3,32.43
8b,1037,NysAqu,34.19,34.2,34.25
8b,1038,NysAqu,20,20,20.06
8b,1039,NysAqu,9.15,9.35,9.85
8b,1040,NysAqu,7.31,7.44,7.6
8b,1041,NysAqu,13.34,13.48,13.65
8b,1042,NysAqu,22.09,22.2,22.45
8b,1043,NysAqu,10.99,11,11.04
8b,1044,NysAqu,31.5,31.8,31.95
8b,1045,NysAqu,15.7,15.7,15.7
8b,1046,NysAqu,19.73,19.74,19.75
8b,1070,NysAqu,25.09,25.34,25.41
8b,1103,NysAqu,49.14,49.4,49.75
8b,1104,NysAqu,47,47.18,47.76
8b,1107,NysAqu,42.6,43.3,43.5
8b,1108,NysAqu,38.53,38.6,38.69
8b,1109,NysAqu,35.99,36.1,36.2
8b,1110,NysAqu,15.84,16.92,16
8b,1112,NysAqu,30.92,31.2,31.24
8b,1113,NysAqu,42.83,42.96,43.2
8b,1115,NysAqu,6.98,6.98,6.99
8b,1116,NysAqu,32.58,32.8,33.1
8b,1118,NysAqu,23.96,24.03,24.11
8b,1119,NysAqu,4.41,4.41,4.41
8b,1120,NysAqu,61.08,61.1,61.11
8b,1127,NysAqu,8.18,8.22,8.3
8b,1134,NysAqu,31.39,31.6,31.9
8b,1136,NysAqu,12.27,12.34,12.45
8b,1137,NysAqu,33.18,33.61,33.68
8b,1002,TaxDis,24.17,24.5,25.17
8b,1003,TaxDis,16.27,16.49,16.7
8b,1004,TaxDis,19.69,20.2,20.47
8b,1031,TaxDis,66.91,67.14,67.21
8b,1105,TaxDis,40.98,41.3,41.65
8b,1111,TaxDis,6.45,6.75,7.05
